name,email,phone_number,birthday,ssn,credit_card_number
Daniel Stewart,smorris@example.net,001400909935389253,2005-05-29,667-89-3104,4916689548128615
Nichole Mclaughlin,sarah37@example.org,7724268386,2015-11-04,800-62-2256,3567043876110460
Ethan Cruz,patrickpearson@example.net,0018695725845,2023-10-27,252-40-7663,675942093161
Nicholas Benson,ddougherty@example.org,60379978529300,1956-01-02,074-73-2123,4785477432154210869
Michael Campbell,lferguson@example.net,175248636004897,1995-01-02,350-71-4539,6011093099422163
Renee Watts,mckenziejennifer@example.com,7822103219,1996-08-18,662-96-8078,4008963679836307
Rose Walter,youngscott@example.com,6092632316,1968-08-31,501-88-8358,2426610722087952
Julia Acosta,nicole64@example.com,0015025105867,2001-04-09,154-17-8413,377937134858065
Anthony Collins,brandon19@example.org,949597280341996,1960-01-14,803-37-4841,4085601636837
Kelly Rhodes,marshalleric@example.org,001532213645267182,2013-10-14,596-94-1292,4332421432561602
David Franklin,jill69@example.net,4693953807,1958-10-27,386-44-7355,376502779715334
Daniel Haney,brooksnathan@example.com,001241303752729445,1973-03-12,109-17-1225,180064743555763
Bradley Johnson,shannon45@example.org,44182940836266,1950-05-30,709-95-8169,6556439197129260
Patricia Johnson,esandoval@example.org,890540559444222,1961-05-23,655-63-3166,30186705034701
Mr. Gary Holt,bray@example.com,142541779142944,1924-06-23,422-62-6595,4706642663658316
Kathryn Braun,robert48@example.com,0012002994814,1961-03-03,396-96-5868,4751728388676271
Ronnie Lewis,johnny08@example.org,8948617731,1973-10-26,281-82-1440,676398911773
Phillip Russell,gsanchez@example.com,2735794398032,1928-01-05,229-88-2261,4374606378201
Jordan Watson,robin66@example.com,931955491702580,2019-06-18,160-35-0273,180003970615502
Laura Reed,kathleenthomas@example.org,8055042553,1989-06-03,058-63-4385,4123259996348096
Henry Pena,robert16@example.net,7218923337,2022-03-31,561-66-2484,371027726752433
Jessica Harvey,emaynard@example.org,001410800758287991,1955-12-20,653-29-6918,587437817246
Dorothy Callahan,wendymccullough@example.net,3003399737,1978-11-14,261-85-8557,371359341068485
Steven Carrillo,iwalton@example.com,362630369184696,1953-09-03,737-12-9099,6541241934392047
Kristina Scott,matthew05@example.net,6188390933192,2006-09-20,471-67-1873,4991825954361
Jason Foster,andreaoneill@example.com,139247631327506,1934-01-08,766-37-4036,343341093253239
Randy Kim,michele13@example.com,7417908244643,2012-07-12,191-42-4908,3559803403188176
Monica Edwards,tuckertimothy@example.com,0013416869344017,1984-04-22,169-05-1269,6011277108886936
Sara Scott,jessica67@example.com,412635265899725,1930-12-06,484-51-9304,2247625092012999
Deanna Williams,aswanson@example.net,9695333020,1934-09-07,298-99-4634,3589144800404666
Linda Hunt,robert95@example.org,58252565857840,1938-03-01,413-83-4535,4650497652720221
Matthew Peterson,bryancole@example.net,00184620167183217,1995-03-02,025-33-3468,4330325924881455
Krista Wells,justinhughes@example.org,2163459182,1953-10-24,270-51-3416,376020515378085
Brian Valenzuela,jean10@example.com,7346771710,2021-12-23,469-06-7161,30421781063054
Yvonne Marshall,zchen@example.net,4718677581528,1971-10-30,829-98-1218,3555821766515615
Karen Shah DDS,thomas74@example.org,73028525257956,1991-06-11,364-24-7516,30509824557973
Brandon White,beth38@example.org,586216447674748,1997-09-08,654-93-7682,5419894884351149
Justin Hawkins,everettclaudia@example.com,5079372600,1943-03-17,597-19-9442,2712959768502355
Phillip Trevino,christinevazquez@example.com,0013976288165358,1931-03-16,538-82-0654,2296145412385728
Lisa Williams,irodriguez@example.org,96647871064555,1919-09-07,301-55-8223,348277498303994
David Johnson,carla07@example.net,0017818778873949,1918-04-28,747-93-9560,2256608997443921
Christopher Phillips,jessicathompson@example.net,8568929807,2015-12-04,857-54-5096,213136712845879
Melissa Gonzalez,rhall@example.net,5536643804672,1983-02-08,601-27-9376,4999846378589585
Jessica Davidson,adamsveronica@example.org,2469361648,1980-08-21,320-18-5587,676372276680
Dalton Brooks,cherylhess@example.com,14889895950,1980-01-16,782-53-0461,4693224604136457
Matthew Martin,ashley90@example.com,1235240775911709,1994-10-31,868-96-9338,4957763995006733773
Mark Costa,jamie90@example.org,0012705611159,1945-04-08,036-68-9726,30177686192097
Michael Reed,ecraig@example.net,67752292218337,1976-11-03,365-23-3904,6011865004781829
Thomas Barber,pinedamark@example.net,5409377677,1951-04-22,599-76-5830,4033431801318249056
Sara Carter,cochranrichard@example.org,001354813056590397,1937-04-02,376-62-0030,585486726938
Jennifer Yates,nathaniel28@example.net,643809307121476,1998-12-11,039-19-6914,3538580754001713
Michael Davidson,pearsonbrent@example.com,73592585204522,2024-01-25,108-13-6350,213178205987644
Sean Williams,angeladuffy@example.org,920659217076553,1977-04-12,410-32-9078,4208794809488
Stacy Willis,figueroachristopher@example.net,454658593415585,2010-03-21,162-76-4588,4379424251865751
Sean Wright,erictaylor@example.com,971750957713098,1963-02-16,302-26-0378,370910667459962
David Gilbert,thompsonelizabeth@example.org,79862890387630,2004-09-11,009-72-4730,374848309250090
Steven Gonzalez,diazchristopher@example.com,582517904134197,1993-11-18,717-40-8808,561908204853
Kendra Anderson,rlee@example.org,8526556848,2013-04-25,649-71-0625,4419834856983001
April Carpenter,pateltimothy@example.org,7297599107767,1927-04-02,154-96-1052,4405824932544527
Kelly Simmons,vaughanjeffrey@example.com,00122738458119223,1928-05-04,684-20-4434,6597978190505290
Frank Rice,kleingina@example.com,3155808393,2007-01-04,473-83-8313,3570959761025635
Raymond Thompson,jamesmedina@example.com,5408040056,1964-05-08,622-11-1592,4790438474034812553
Courtney Smith,tara89@example.net,64768792817035,2003-05-01,818-47-8294,349263733740272
William Friedman,popejeremy@example.com,001433942309645350,1982-07-29,481-74-1577,30527146307216
Wanda Hughes,michael99@example.net,2628151459755,2006-12-21,236-30-7005,3583866133374028
Heather Hill,rhall@example.net,96492413705442,1947-05-25,520-53-2878,213181686292286
David Berry,schaefertammy@example.net,0017994217180492,1947-05-22,013-96-7427,4538103476673764
Kevin Vaughan,james01@example.com,0019066608596,1933-08-03,348-90-9010,30590137008128
David Brown,mirandajessica@example.org,2794481475,1929-03-15,236-45-2791,4176189205566913
Valerie Williams,hsalinas@example.com,2039242580,1952-07-29,564-82-1325,4341383620505164
Mary Lee,hunter58@example.org,28395161633907,1952-12-20,795-18-7104,180057846772376
Holly Merritt,vmills@example.net,54939982063333,2007-03-15,598-84-0951,345667160413431
Jonathan Scott,merrittrobert@example.org,13065131677437,1953-01-29,348-08-0114,4156163272162056422
Kevin Suarez,wayne22@example.org,7656267242,1923-07-22,191-68-7073,4584974947192078
Erin Burgess,qpatterson@example.net,6633855529,1986-02-05,769-86-5729,6519393170390686
Sherri Wright,austinmichael@example.com,3774331332,1943-10-18,611-32-4836,4370417135863
Roger Hansen,danielgibbs@example.org,8252956780304,1997-12-07,709-19-3731,6011027005626855
Stephanie Jackson,zharrison@example.com,9557690680672,1957-08-11,679-70-9611,2298106752740482
Joshua Miller,simmonssharon@example.org,180945755522632,1965-05-08,679-60-2288,375384847287443
Alejandro Weaver,averyjoe@example.com,4627960242,1911-03-30,569-66-6880,6575787069174872
Jonathan Estrada,thomas10@example.com,3619262123360,1955-07-20,280-99-5835,30147183904849
Shawn Meyer,marywalker@example.org,558581292646347,2019-04-26,883-87-6791,4819458721636049741
Michael Sanchez,kwood@example.org,59192178799592,1949-05-28,849-99-3756,4729120223680657072
Kyle Leonard,vanessaterry@example.net,12674259491,1946-03-24,014-64-2815,4127584971481315
Tim Hernandez,weeksdavid@example.net,8439690957,1978-10-08,222-24-8224,4767315873642109
Richard Ortiz,ritarobinson@example.org,001272523654021229,1925-01-16,048-17-7944,5119778917960716
John Bell,blake42@example.net,46326443284034,1991-04-04,677-36-6457,3556145599682213
Jimmy Gentry,tamara78@example.net,26329780653181,1928-04-09,101-11-4972,377283395218743
Melissa Perez,ngomez@example.net,0014322545399,1999-01-12,541-57-6350,4020823117705877513
Mark Oliver,kaylasanders@example.com,2512689014,1999-01-15,559-94-8493,213129223670803
Jeffrey West,wnichols@example.net,8927382196,1995-09-17,044-31-6643,5264995293121555
Victor Miller,oferguson@example.com,1611691936108630,1912-12-05,502-99-9102,6011019923194033
Sara Todd,anita58@example.org,416391283725088,1986-10-20,695-75-7337,30468609934834
Christopher Calhoun,vargasjacob@example.org,8834006252,1975-03-31,042-15-6223,340784967696814
Meghan Diaz,vunderwood@example.org,3343203570,1962-04-14,117-40-3450,4973061435735870
Jessica Dean,henryderek@example.com,6494309171750,2021-11-12,211-04-6711,4879751218796
Noah Martinez,christinaallen@example.com,19023405356152,1929-10-02,679-99-5909,3562275564565556
Adam Mora,oschmitt@example.org,7447183473,2018-08-13,703-60-3910,30444429853926
Kristen Scott,beasleyjillian@example.org,9139069679,1980-11-11,393-28-2649,30380806778734
Matthew Martin,justinstewart@example.net,28870230614241,1943-06-17,631-55-3788,4511687219018742
